{"cameraMode":{"drawMode":0,"name":"Shaded","section":"Shading Mode"},"sceneLighting":true,"audioPlay":false,"sceneViewState":{"showFog":true,"showMaterialUpdate":false,"showSkybox":true,"showFlares":true,"showImageEffects":true,"showParticleSystems":true},"in2DMode":false,"pivot":{"x":0.03861808776855469,"y":-0.020425081253051759,"z":-1.1421082019805909},"rotation":{"x":-0.0820479616522789,"y":0.9132615923881531,"z":-0.2296074479818344,"w":-0.32634538412094118},"size":4.34147834777832,"orthographic":false}