{"cameraMode":{"drawMode":0,"name":"Shaded","section":"Shading Mode"},"sceneLighting":false,"audioPlay":false,"sceneViewState":{"showFog":false,"showMaterialUpdate":false,"showSkybox":false,"showFlares":false,"showImageEffects":false,"showParticleSystems":false},"in2DMode":false,"pivot":{"x":-1.2470213174819947,"y":-5.258269309997559,"z":1.0111700296401978},"rotation":{"x":0.12199176102876663,"y":-0.8105913400650024,"z":0.18191465735435487,"w":0.5432115793228149},"size":65.00408935546875,"orthographic":false}