{"cameraMode":{"drawMode":0,"name":"Shaded","section":"Shading Mode"},"sceneLighting":false,"audioPlay":false,"sceneViewState":{"showFog":false,"showMaterialUpdate":false,"showSkybox":false,"showFlares":false,"showImageEffects":false,"showParticleSystems":false},"in2DMode":false,"pivot":{"x":-1.0070452690124512,"y":-0.5716648101806641,"z":-2.3202197551727297},"rotation":{"x":0.05512179061770439,"y":-0.9446137547492981,"z":0.21679426729679109,"w":0.24019086360931397},"size":7.36493444442749,"orthographic":false}