{"cameraMode":{"drawMode":0,"name":"Shaded","section":"Shading Mode"},"sceneLighting":true,"audioPlay":false,"sceneViewState":{"showFog":false,"showMaterialUpdate":false,"showSkybox":false,"showFlares":false,"showImageEffects":false,"showParticleSystems":false},"in2DMode":false,"pivot":{"x":-6.114786148071289,"y":8.753244400024414,"z":0.668714702129364},"rotation":{"x":0.5891828536987305,"y":-0.3564354479312897,"z":0.3231271505355835,"w":0.6492601633071899},"size":5.787784099578857,"orthographic":false}