{"cameraMode":{"drawMode":0,"name":"Shaded","section":"Shading Mode"},"sceneLighting":false,"audioPlay":false,"sceneViewState":{"showFog":true,"showMaterialUpdate":false,"showSkybox":false,"showFlares":true,"showImageEffects":true,"showParticleSystems":true},"in2DMode":false,"pivot":{"x":1.1731104850769044,"y":0.4988521337509155,"z":-0.25836730003356936},"rotation":{"x":-0.010079382918775082,"y":0.9824920296669006,"z":-0.1775755137205124,"w":-0.05576668679714203},"size":3.4414780139923097,"orthographic":false}