{"cameraMode":{"drawMode":0,"name":"Shaded","section":"Shading Mode"},"sceneLighting":true,"audioPlay":false,"sceneViewState":{"showFog":true,"showMaterialUpdate":false,"showSkybox":true,"showFlares":true,"showImageEffects":true,"showParticleSystems":true},"in2DMode":false,"pivot":{"x":4.853613376617432,"y":5.367210388183594,"z":-6.390599250793457},"rotation":{"x":-0.24224238097667695,"y":-0.4424735903739929,"z":0.12546919286251069,"w":-0.8542812466621399},"size":17.721960067749025,"orthographic":false}