{"cameraMode":{"drawMode":0,"name":"Shaded","section":"Shading Mode"},"sceneLighting":true,"audioPlay":false,"sceneViewState":{"showFog":true,"showMaterialUpdate":false,"showSkybox":true,"showFlares":true,"showImageEffects":true,"showParticleSystems":true},"in2DMode":false,"pivot":{"x":13.171280860900879,"y":-8.173151016235352,"z":3.0440635681152345},"rotation":{"x":-0.2188301682472229,"y":-0.5134862661361694,"z":0.13732083141803742,"w":-0.8182932138442993},"size":38.67346954345703,"orthographic":false}